Appliances Current Profile of single day,,,
Air Conditioner,Electric Kettle,Electric Iron,Water Dispensor
0.012775729,-0.196643352,0.200894263,-0.111103068
-0.073842128,-0.140386115,-0.129347575,0.060195606
-0.06169296,0.133678843,-0.207196488,-0.037749854
-0.111794393,-0.242593453,-0.209988551,-0.039805826
0.023311446,0.106700942,-0.058304003,-0.069919156
0.063573672,0.012328218,0.074024902,0.194575394
-0.053721599,0.376725316,-0.074205684,-0.127592359
-0.18882543,0.011140217,0.023180048,-0.086392494
-0.027303915,0.253296508,-0.32848643,-0.130162598
0.066851029,0.191038303,-0.288709174,0.000493321
-0.10841358,-0.057978222,-0.035543859,-0.11387225
-0.208886459,-0.169318543,0.258266819,0.025328459
0.162045684,-0.17844522,0.597859825,-0.047029992
3.29E-05,0.250487558,0.510640525,-0.006257919
-0.061035387,-0.46588424,0.128167745,-0.100936245
0.120806589,-0.161768584,-0.171176569,-0.002976124
0.093341569,-0.33309985,0.109849631,-0.044750641
-0.022953566,0.034429293,0.078399338,0.070330896
0.168941498,0.34681289,0.255873356,0.16908105
0.010603598,-0.095056603,0.024884417,0.049132081
0.02811291,-0.581999817,-0.14648396,0.119539849
-0.081102571,0.1973687,-0.343081149,0.087735805
0.040146009,-0.022453868,-0.160510419,-0.007698963
-0.061236017,-0.058325816,-0.028886172,0.124697796
0.121951639,-0.160596809,0.045146139,0.092427653
0.112187739,-0.25994438,0.285702321,-0.066634053
-0.083538287,0.082131389,0.351925368,-0.039397049
0.043927513,0.066811192,-0.048896788,-0.058756462
-0.130743352,0.028819645,0.218544636,-0.00357402
0.14472971,-0.01365178,0.019686607,-0.021972075
0.012460065,0.013082984,0.049783048,0.083456974
0.1969134,0.006134917,-0.624380663,0.069285593
-0.081297533,-0.271480973,-0.295190405,-0.035430299
0.046577022,0.060237566,-0.315255185,-0.022227844
0.156733358,-0.192546017,-0.353021909,-0.013246477
-0.009805291,-0.073544858,0.051867602,-0.129713795
-0.031185816,0.315036296,-0.059132741,0.009060439
0.003186217,-0.067855257,0.204767476,0.130118885
-0.03831709,0.516817725,-0.18608225,-0.056449184
-0.078695287,-0.106092049,-0.26284576,0.206642938
-0.037735805,0.163376926,-0.175094073,-0.0298837
-0.017182802,0.092805922,-0.063283496,0.169646344
-0.125055853,-0.082359879,0.194671865,-0.008237891
-0.065890012,-0.165723565,-0.03303185,0.130731953
-0.082975847,0.280850224,0.164779305,0.045638127
-0.075196302,-0.00673899,-0.076300874,-0.04058303
0.050384306,-0.433464435,-0.093296936,-0.090585831
-0.015216563,0.314571912,-0.459316951,0.209433197
0.087821205,0.501536703,0.498704863,-0.013070301
-0.105997306,-0.267564203,0.354350049,0.056815585
0.04795089,-0.175554457,0.116116354,0.144513814
-0.009931247,0.05608866,-0.213886955,0.154010382
-0.127290971,0.2639561,-0.0319538,0.075930198
-0.068742267,-0.117406148,-0.054240431,0.120605687
-0.121012442,-0.298833888,0.669549292,0.079529998
-0.003005237,-0.263916365,0.027757435,-0.048191737
-0.095966589,0.031189391,-0.255516637,0.125551952
0.176613464,0.258172641,0.225496954,0.125601837
0.091482667,-0.183043041,-0.528031539,0.024433526
-0.063935745,0.52685469,-0.045069583,-0.022863968
-0.005318115,0.063445962,-0.38366056,-0.141401277
0.042156999,-0.158595487,-0.19058292,0.058003185
-0.14910763,-0.125874864,0.425224998,-0.042400406
0.033105164,-0.033883079,0.065297957,0.023537449
0.09478555,-0.265126434,-0.91064867,0.034023979
-0.040465633,0.25487281,0.287676481,0.060650548
-0.154181211,0.228621461,0.189687927,0.030693453
-0.064354975,-0.396875521,0.584812793,-0.01628952
-0.006872474,0.013945971,-0.348116246,0.171845718
0.044703181,-0.0237473,-0.220034906,-0.181256843
0.06305323,-0.083223266,0.418483146,0.048106066
-0.194105795,-0.040621359,0.039526398,0.161409897
-0.059698161,-0.018929319,-0.109960127,0.13222825
-0.169605584,-0.1532979,-0.181994193,0.077096113
0.03497135,-0.364917615,-0.373956789,-0.111322778
0.128242374,0.421051976,-0.037095301,0.229327584
-0.012653211,-0.015550335,-0.193639852,-0.095704557
-0.060563351,-0.22883793,0.54294373,0.006569782
-0.031524477,-0.198098387,-0.040211247,0.091771424
-0.217650443,0.145449947,0.322857391,-1.95E-05
0.090068755,0.060723834,-0.004818564,0.031165864
-0.143301383,0.161249943,-0.229831366,0.076197926
-0.184993506,0.221981171,-0.240063496,0.024716257
0.020518817,0.337739064,0.227714479,-0.251324663
0.143067081,0.128537437,-0.058435031,0.004905922
0.056772339,-0.273992939,-0.032845243,0.003413744
-0.024141852,0.28602076,0.180749319,-0.00050364
0.153944269,-0.196210096,-0.129360615,0.139306925
0.1693415,-0.129404996,0.005567704,0.07201418
-0.059247494,-0.140558936,-0.230125452,0.059071264
-0.171010259,-0.198414258,0.369018267,0.094792139
-0.190056856,0.211166209,-0.834692698,0.032203625
-0.101846752,-0.16043576,-0.243234328,0.142540915
-0.092400693,-0.083009437,0.075212608,-0.00461704
-0.070103761,0.187383704,-0.230421783,-0.127126655
-0.062392473,-0.006329241,-0.177433942,0.064019563
0.100258467,-0.104833419,-0.053810027,-0.088009651
-0.201500268,-0.434971692,0.210718109,0.069563096
-0.04959899,-0.129172326,0.010369188,0.09862051
-0.041263916,-0.382166026,0.265554742,-0.073313328
0.128379974,0.147205064,0.150399492,0.072363259
0.046918911,0.094889857,-0.173035234,0.05353327
0.04310491,0.043186099,0.183477091,0.000641836
-0.089368156,-0.370475133,-0.089762384,-0.02041973
0.114843252,0.005555093,-0.06893039,-0.028078612
0.142980923,0.092485118,-0.043989778,-0.011005295
-0.057676667,0.229013917,-0.105952085,0.044942067
0.134463398,-0.063515381,0.127607515,-0.067394781
-0.105217747,0.304659021,0.014276462,0.036807308
0.062758375,-0.295507067,-0.481879618,0.117719709
-0.01649735,0.252964123,-0.164639974,0.007225407
0.009108325,0.517387552,0.480205904,-0.202613376
-0.15044623,0.031234138,-0.177141158,-0.040796679
-0.044981979,-0.071926631,-0.292538425,-0.067335137
-0.171693018,0.085625771,0.420308011,-0.112682308
-0.019282171,-0.044203875,0.416466685,0.089862618
0.083090284,-0.336750097,-0.041489253,0.023567829
-0.058132711,-0.315176324,-0.324322482,0.037234697
0.060720628,-0.143472199,0.213969606,-0.093413117
-0.034081265,-0.026014164,-0.104488252,0.170204535
-0.040142108,-0.067309906,0.385359451,0.03476783
0.19452034,0.079936175,-0.278508062,0.027981448
-0.100735436,0.329773149,-0.05427293,0.030642688
0.030373181,0.011702926,0.240716891,-0.009107216
0.10750598,0.470030488,0.417511933,0.010245858
0.13333272,-0.175243819,-0.027621099,-0.115384743
-0.094175698,0.235069541,-0.26251955,-0.049496748
-0.208846257,-0.032562005,-0.210629397,-0.054682337
0.050663879,-0.096267936,-0.065462152,0.007092901
-0.085766847,-0.086891701,0.377707755,-0.027298809
0.053096056,-0.101863915,-0.302748574,0.098645708
0.258054746,-0.241817214,0.300615527,0.014524877
0.05547139,0.157105597,0.062716836,0.176300626
-0.077504059,-0.324377185,0.209093997,-0.178592077
0.141025867,0.068297918,-0.072898354,0.099176541
-0.065748977,-0.134786874,-0.020975933,-0.051536129
0.051165206,-0.000987039,0.887350348,-0.057624076
0.045725256,0.171094414,-0.428453593,-0.063827079
0.096216508,0.079636774,0.257114642,-0.022887495
0.118931167,0.047448612,0.388580852,-0.039877753
-0.016644122,0.059534392,0.010520531,-0.047122476
-0.165231248,-0.313513076,-0.692046463,-0.052851654
-0.12398909,0.060582724,-0.476665263,0.072886386
-0.081361382,-0.082788699,0.015839489,0.058962201
0.075631827,-0.152428951,0.060989727,0.273101623
-0.100701313,-0.085539393,0.160254051,0.068393068
-0.115346411,-0.010300028,0.037982559,0.088593985
0.056307291,-0.171694242,0.040219187,-0.036186361
0.005517963,-0.104411532,-0.031291962,0.001819364
-0.077589577,0.379337679,-0.266452187,-0.291947201
-0.242224295,0.131491888,-0.026020277,-0.065326647
-0.029884594,-0.127237429,-0.332244032,0.127319542
0.030623308,-0.014604489,0.420809272,-0.043252868
-0.074201278,-0.288614084,-0.305227729,-0.088085399
-0.038558599,0.234305384,-0.255087994,0.051847941
0.07789905,-0.147432764,-0.32459993,-0.020745317
-0.098091304,0.219861984,0.060569993,-0.028170585
-0.102594515,0.006996962,0.337939676,-0.000864647
-0.045111576,0.109670651,-0.219089005,0.089014998
0.089349252,0.125053008,-0.054065331,-0.074200122
0.114360107,0.057436318,0.237004837,0.042711331
0.080658864,0.127153864,-0.024316014,-0.150719216
0.103989743,0.179721795,-0.146509861,-0.071814327
0.03501218,-0.413903944,0.966379948,0.098942195
0.177914858,0.033705122,-0.106390312,0.017706087
0.022146689,-0.159154773,-0.044416002,0.036088997
-0.015303207,-0.010706238,-0.187745651,-0.107040211
-0.079389765,0.094729365,-0.313481028,-0.150199433
0.062727788,0.068100351,0.274620365,0.044442261
-0.054129282,-0.000704537,-0.136213605,-0.11533024
-0.022964698,0.042797418,0.599252305,-0.099173022
0.019443932,0.233236092,0.49322347,-0.064135115
-0.044689372,0.277122371,0.495490859,0.174807895
0.074865181,0.007882399,0.128792125,-0.012181897
0.070621706,0.042563,0.103477282,0.159360547
0.238529917,-0.009461994,0.429984821,0.110253518
0.039555269,0.010845992,-0.085356962,0.009517172
0.189804262,-0.071111905,-0.048286391,0.015974236
0.251231704,-0.001821366,-0.032510844,0.13850122
0.126323662,-0.049153494,-0.165547957,0.101161466
0.085359915,-0.024345409,0.412416561,0.035697911
-0.134439329,0.129215997,-0.112304396,0.087427472
-0.029865151,0.134597843,-0.472009948,-0.099378675
0.010714287,-0.043206274,0.073225102,-0.034069565
-0.087268753,0.125283958,0.063887157,-0.039582215
0.14841229,0.002576759,0.407854225,0.124567498
0.032416484,-0.207811594,0.115471561,0.084354344
0.056997017,0.323135422,0.085869545,-0.07819154
0.11760982,-0.140345442,0.155625008,-0.034338649
-0.025430264,-0.110231629,-0.35425484,0.013739769
-0.016284864,0.189396398,0.061432408,0.071823773
0.128105598,0.018993903,-0.516629478,0.121410153
-0.046345361,-0.181653341,0.146116993,0.047976934
0.189041252,-0.209887239,-0.546713627,-0.037650254
-0.010989451,-0.030889426,0.141230069,0.070643242
0.011806409,-0.126041886,0.143929796,-0.135479151
-0.073249827,0.16281931,-0.131878613,-0.048867538
-0.073526784,-0.145971654,-0.227828964,0.035869275
-0.046184402,-0.275870009,0.269160504,0.011117684
0.082155805,0.308756057,-0.074463093,0.089760043
-0.031604564,-0.011368567,-0.804188418,-0.22330331
-0.060775687,-0.021316264,-0.308487802,-0.050042053
0.040795157,-0.331791354,0.023784267,0.013558401
-0.040843581,-0.134889751,0.076674174,0.152061287
0.000287496,-0.400914408,-0.322146928,0.09672378
0.156357065,0.009771744,-0.33605926,-0.090359212
-0.022931186,0.267543454,0.036760833,-0.019033472
0.204086064,0.065453691,0.014568309,-0.135724668
0.136533049,-0.103338279,-0.163522977,-0.123203992
-0.010060113,0.241308735,0.459860057,0.126372993
0.04351228,-0.112542544,-0.310457844,-0.13810135
-0.069362688,0.353795333,0.356634819,0.073848948
-0.018578098,-0.029145946,0.011608309,-0.035226178
0.060376534,-0.011643446,0.241127381,-0.1528204
0.11021705,0.288209811,-0.109767369,-0.100644945
-0.030643795,-0.402168416,0.060032698,-0.081990204
-0.195869879,-0.0059161,-0.353780145,-0.093833658
-0.027086979,-0.093447542,0.016289297,-0.162540061
-0.085209239,-0.44866337,0.020250918,-0.067552441
-0.009753027,0.207639221,-0.451042523,0.019496744
0.155526012,0.231929598,0.363521675,-0.021531797
0.004453034,0.075448522,-0.3011182,-0.046669213
0.114252648,-0.14833381,0.242353468,0.058254844
0.054013929,0.187020416,-0.022999551,-0.030022349
0.09035076,0.270348007,0.258297218,-0.140799706
-0.114088202,0.110699811,0.099232695,0.12419129
0.024010313,-0.050541384,-0.131315788,0.0710779
0.248802424,0.198291231,-0.107517989,0.072683011
-0.008044458,-0.254482256,-0.232945274,-0.25224649
0.107459572,0.076417001,-0.499332537,0.040599425
-0.112244513,0.263899945,0.453795287,-0.144778845
0.265023196,-0.171997361,0.136848898,-0.057739498
-0.038077091,0.201506027,-0.564892395,0.151314729
-0.038813122,0.262770327,0.361227375,-0.034297261
-0.081822495,-0.309033729,0.210133589,0.042528212
-0.080675813,0.232443586,-0.339389735,-0.151915803
0.003873523,-0.11717224,0.047959711,0.058230234
0.048998243,-0.007081988,-0.005768675,-0.109913101
0.011504172,-0.350026252,-0.433671037,-0.110719909
0.046521338,0.409362443,0.553814846,-0.070509273
-0.070587022,0.044661816,-0.072220216,0.008508061
0.032970876,-0.182659353,0.271270247,-0.092688243
-0.049734612,0.010594077,0.057472486,0.070819582
0.133060317,-0.098269862,0.170580409,-0.018497638
0.184304503,0.407401545,-0.290638074,0.150503451
0.060443381,-0.061243107,-0.17977895,0.11838044
0.279873252,-0.233888232,-0.097235508,-0.003381061
-0.049563272,0.311946546,0.00497537,-0.047875789
0.103078758,0.034774793,0.052449343,0.18560814
-0.014636952,0.37714467,0.177881888,0.055520568
-0.048629496,-0.091145422,-0.284458806,-0.058780005
0.032565554,-0.048596071,-0.101251509,-0.024023199
0.126336712,-0.210012317,-0.03355614,-0.184517664
-0.081456941,-0.024701185,0.090266924,-0.13609379
-0.158533115,0.066531624,-0.423241989,-0.022594469
0.054878635,0.073928832,0.20525759,-0.172968702
-0.011879331,-0.45730865,0.165068231,-0.170352381
-0.000653555,-0.258278593,-0.188455465,-0.100621988
0.123396915,0.172834298,-0.458439373,0.191183749
-0.000476343,-0.010172741,0.067939029,0.010278831
0.002492254,0.135774477,0.400650123,0.081485866
0.149161683,-0.038992696,-0.435602974,0.095604775
0.005892324,0.085291544,0.12798658,0.06646416
0.058264931,-0.186006387,0.031193726,-0.026258848
-0.044016903,0.117856669,-0.10779732,-0.05663684
0.051415247,0.21323779,-0.138535168,-0.023266292
0.028115526,0.163886801,-0.381500326,0.08022625
-0.084926301,-0.069754784,0.522506853,-0.197949842
0.00739903,-0.033765532,-0.367083996,0.054592469
0.011915253,-0.012457378,-0.231957773,-0.068608531
0.135940174,0.094831134,0.187451962,0.132262491
-0.030218596,-0.099985549,0.520800543,-0.010914928
0.101358725,-0.088176882,-0.135342239,-0.188441362
-0.017394152,-0.06516044,0.368275737,-0.033991884
-0.04803329,0.041188314,-0.623514349,0.125795546
0.026930825,0.077366346,0.029422901,0.035033997
-0.008344782,0.072334871,0.59921272,-0.057186437
0.089644703,0.198449363,0.37676025,-0.016553699
0.139553389,0.13762691,-0.14575302,-0.005096245
-0.091649138,-0.274722509,0.299763031,0.061768201
-0.126055013,-0.005466339,0.034919559,0.050799594
-0.054875582,0.252737507,-0.365773941,-0.007619584
-0.014885187,0.146815731,-0.385299671,0.048126623
-0.05736394,0.061116153,0.316862633,0.31283867
0.115539511,-0.392698809,0.184584757,0.056635461
-0.058148578,-0.349263644,0.158724567,-0.193980592
-0.068670567,0.162234287,-0.192553004,0.00925307
-0.153313969,0.267140064,-0.165349832,0.016936733
-0.232406898,-0.268157346,-0.053679877,-0.024102066
-0.042570142,-0.060942211,0.245435644,0.07257059
-0.129120406,-0.472624397,0.131233742,0.04838791
-0.026181359,-0.016217479,-0.199564405,0.00445866
0.326768529,0.01424726,0.352407835,-0.000534282
0.04530766,-0.015506083,-0.056806051,0.027417121
-0.045868395,0.115410464,-0.121796932,-0.004460142
-0.132270458,0.196974892,-0.171701302,0.192598294
-0.007870166,-0.073736793,-0.446897095,-0.07696066
0.21297234,0.048760009,0.266561565,-0.19365727
-0.041421379,0.371355373,0.25580879,0.205603217
0.25672591,-0.086541734,-0.304898931,0.205694105
0.150767058,-0.188249554,-0.002696748,0.00264465
-0.215795531,0.209318865,-0.219274812,0.118176683
0.093720991,-0.119674718,-0.264208135,-0.067322529
0.057272332,0.384646028,-0.013220443,-0.09510697
0.16687296,0.190138017,-0.28234101,0.093608373
-0.122213685,0.011089658,-0.002041397,-0.135478167
0.012465007,0.217298288,0.488799485,-0.131498896
0.018425448,-0.326665513,0.412642353,0.063775786
0.02342671,0.817150683,-0.149091196,-0.014866131
0.118175054,0.061295598,-0.07152209,-0.038318058
0.050338064,-0.081133272,-0.093601027,0.005136701
0.084725432,0.148371303,0.409511538,0.085160823
-0.005102663,0.028301104,0.185389669,-0.11175254
-0.001018463,0.07379341,0.29583474,0.001936865
0.092904118,-0.160829645,-0.129025979,-0.01740777
-0.144198415,-0.642458761,0.427913867,-0.041725494
-0.06692269,0.148905597,0.113774021,0.116303403
-0.004520616,-0.003173396,-0.67970674,0.1180951
-0.008203185,0.067585505,0.165148996,0.051759847
-0.072506318,0.17571991,0.166246806,0.083164653
0.013014285,-0.104062509,0.178953856,-0.025723789
0.063025462,-0.230785465,-0.473046167,0.134113776
0.061987259,-0.145259097,-0.153397004,0.007219688
0.014866383,-0.328256829,-0.129893354,-0.097450882
-0.047454838,0.169963996,-0.308677897,-0.004988538
-0.013226067,-0.118168279,-0.22160403,0.161038339
0.0052715,-0.128302573,0.122771602,0.043378396
0.070675322,0.131657566,0.24670279,-0.021315925
0.027587268,0.034452015,-0.0610116,-0.105845511
-0.149395365,-0.044038767,-0.48577456,0.127042949
-0.02325927,0.102462978,0.077639706,0.073319911
-0.033080443,-0.086321073,0.006777747,0.023739185
0.066984317,-0.185917597,0.725326459,-0.065515365
0.013123164,-0.190305489,0.025455173,-0.028296133
0.098784395,-0.136932085,-0.085054774,0.070572406
0.080377226,0.220132005,0.340177184,-0.137673147
-0.070754832,0.065305488,-0.133954624,-0.052310854
0.032649211,0.057385564,0.113202309,-0.026801089
0.036442426,0.129774329,-0.073665274,-0.048708949
0.036483481,0.017289342,0.182265806,0.191342532
-0.013153608,-0.047926681,-0.40062792,0.114156807
-0.028341789,0.246695739,-0.231765788,-0.012542161
0.229861164,0.343577117,-0.227037552,-0.122564538
0.128884216,-0.217899581,0.164922503,0.014298498
-0.145708343,0.396050433,0.330738644,0.108504463
0.103512711,-0.366388901,0.120493448,0.069955272
-0.019058409,-0.006806984,0.065690149,0.029692291
-0.040398655,-0.185131057,-0.426920649,0.107909942
-0.094615226,-0.113664263,0.293482916,0.048571825
0.053369016,0.148011514,-0.28451482,0.066180369
0.106990652,-0.252708742,-0.081094807,0.049613873
-0.144271108,-0.140799886,0.494426313,0.010045681
-0.071267028,0.110487883,-0.168111321,-0.1597094
-0.001732123,-0.330227534,-0.323739259,0.000946446
0.016899797,-0.091622437,-0.389464846,0.073446079
0.167563952,-0.189717453,-0.268156797,0.014044125
-0.005629469,-0.213408593,-0.203567962,-0.058314049
0.059750185,0.187210107,0.309072561,0.073827345
0.037517558,-0.208545717,0.194058736,-0.021901692
-0.108417098,0.225109564,-0.191712757,-0.006012025
0.000930793,-0.147952952,-0.38825651,0.024901608
0.067640043,-0.011907604,0.04967168,-0.038874028
-0.070347161,-0.141316036,-0.387689736,0.030753574
0.124386099,-0.279174297,0.382542738,-0.047649793
-0.079257602,-0.084812032,0.127506502,0.009465523
-0.004609268,-0.075387181,-0.150330409,-0.168408124
-0.207833121,0.076290164,0.404251739,-0.05085639
-0.100718366,-0.163191812,-0.183876564,-0.099115402
0.025789542,-0.005436313,0.570970663,-0.053244988
0.059091362,0.48886909,-0.629752065,0.018807716
0.006647341,-0.131712425,-0.256142404,-0.177964336
0.162045305,-0.063032049,-0.040400609,-0.113083981
0.057813479,-0.333791216,0.377285374,0.124638457
-0.012346448,-0.06652035,-0.288291132,-0.084011351
-0.032037876,0.238506541,-0.244583665,0.039758826
0.006398781,-0.025864698,0.453836978,-0.200986621
0.176440032,0.079680436,0.606498201,0.020129771
0.141231032,-0.058770085,0.552119777,0.022445176
0.165883111,-0.146252542,-0.051945385,-0.084328993
0.021857025,-0.374553075,-0.335477353,0.047498346
-0.007876916,0.231008947,-0.237911257,-0.164906886
-0.012744391,0.027138546,-0.311885653,0.071898422
0.078074409,0.024830322,-0.147141523,0.139249071
-0.027491402,0.062908077,-0.112070689,0.093017322
-0.177525204,0.439787389,-0.203315825,0.014903714
-0.021818106,-0.427113443,0.58868917,0.048553415
0.252222431,-0.607669626,-0.243659309,-0.050020995
-0.033548135,0.093481804,-0.10102606,-0.024465776
0.100160105,-0.112787599,-0.175901643,-0.068339196
0.001632972,-0.188643836,-0.618619488,0.067636174
-0.02638395,0.148348886,-0.303638476,0.021713241
-0.09119988,-0.059843741,-0.085018721,0.027946226
-0.14104376,0.008867034,-0.158766758,0.090367235
-0.021416296,-0.235575031,-0.480526412,-0.199731741
-0.129810686,0.13725887,-0.081931854,0.029041717
-0.053403606,0.164131442,-0.225144417,0.010511141
0.086326428,-0.252229069,-0.06240375,0.068369067
0.008527107,0.34695479,-0.024205985,0.059825513
-0.218478541,-0.400367834,0.109091558,0.077040188
0.185009334,0.149590606,-0.095780922,-0.098564222
0.100151821,-0.116840958,0.161647962,0.098073989
0.075276303,-0.118407439,-0.02535426,-0.07587535
0.050101611,0.152039792,0.308877189,-0.02118397
-0.059035109,-0.3547063,-0.250180163,-0.096299
0.010527754,-0.049082684,0.275040288,0.096039154
0.03873709,0.146848759,0.435089999,-0.009735837
0.033302844,0.492437095,-0.133522376,-0.29979074
0.127814188,-0.101922484,0.469597682,-0.178003302
-0.025984613,0.311358368,0.218931666,0.012463538
0.155194596,0.088815658,-0.08445732,0.113980154
-0.005716453,0.359951741,0.123025082,0.149621641
0.018457861,-0.357525399,-0.292638649,-0.045891089
0.129176473,-0.105322823,0.344796124,-0.022932132
-0.072243203,-0.089129767,0.719616728,0.065119377
-0.136004767,0.240222043,-0.087355063,-0.049835855
-0.143246735,-0.084928897,0.270418523,-0.019935973
0.092769616,-0.457995415,0.23886154,-0.013687626
0.027671072,0.046272934,0.208396584,-0.053227966
-0.008979553,0.1404782,-0.434591461,-0.046932953
-0.045738625,-0.120530346,0.134845862,-0.083898586
0.019833505,-0.136007478,0.399862714,-0.243781368
-0.014814436,-0.20577499,0.05405475,-0.126592732
-0.060744472,-0.393623028,-0.142896444,-0.090625131
-0.007834192,0.146631583,-0.089471577,-0.001567709
-0.108325743,-0.126428137,0.244746307,-0.027046527
-0.077171344,0.190542187,-0.321534322,-0.037957526
0.019641683,-0.161908352,-0.041210837,-0.02648092
-0.025628895,0.221099899,-0.253682128,-0.005446348
-0.06826095,-0.146417882,0.148313073,-0.045317893
-0.277502761,-0.491224471,-0.207484651,0.166307113
-0.087350775,-0.060256531,0.043709568,0.028574411
0.007119855,0.172328078,0.127231823,0.066915771
0.094655366,-0.340935303,0.356759823,-0.072520667
0.061411312,0.007714191,0.007445803,-0.114347766
-0.035811315,0.094156729,-0.135036658,-0.053122356
-0.189569018,-0.008188923,0.346228898,0.106232894
-0.194964273,0.425853048,-0.134420776,-0.069118594
-0.025514471,0.11341262,0.000985351,-0.028350601
-0.253800461,0.237783305,0.189683857,-0.120053709
-0.153702667,-0.507114857,0.193306627,-0.0409031
0.082807837,-0.040616532,-0.34922705,-0.122243763
-0.027843179,0.464314314,-0.102961359,0.079209896
-0.179594684,-0.077229095,-0.172140133,-0.086518055
-0.140293924,0.171016686,0.302035647,0.022933442
0.107660907,-0.281092934,-0.003346933,-0.04569979
0.1396496,0.229738601,0.447177869,-0.152599901
-0.034785517,0.195167186,-0.005645171,-0.130540897
-0.140963836,0.074046328,-0.317726658,-0.029727947
-0.102512659,0.422315863,-0.740244285,0.126247111
0.001317966,-0.02195293,-0.018392839,0.015453958
-0.037009544,-0.308226311,0.125463407,0.159475438
-0.124195481,0.419080005,-0.227233987,-0.017322704
-0.03003093,0.534378569,0.328713756,0.136199505
0.004111836,-0.510262187,-0.283292489,-0.035915375
-0.15387217,-0.021140327,-0.067793426,0.023414326
-0.005580899,0.269073205,0.366763997,0.071864362
-0.03075257,0.097159876,0.08575878,0.10162307
-0.099041504,0.029745086,0.293170531,0.160837464
0.134326536,-0.043531078,-0.412825639,0.110920365
0.026805675,0.134176381,-0.208917311,0.127521733
0.100085451,0.188854215,0.265871388,-0.078787746
-0.00291425,-0.786928544,-0.367724209,-0.076770426
0.078773923,-0.071361681,0.390611459,-0.107596371
-0.095501536,0.199416242,-0.300429301,-0.089375871
0.312833415,-0.195457506,-0.193119447,-0.081891005
-0.136112955,-0.265061745,0.196273622,-0.04317931
-0.081313617,0.300671384,-0.308068216,-0.01399563
-0.151439757,-0.029942507,-0.171019668,-0.007456582
0.065793448,-0.194139919,0.300752907,-0.031363964
0.036382515,0.147041631,-0.092804556,0.052399074
-0.000977968,-0.143421521,-0.464600031,0.024042369
-0.040995935,-0.347178442,0.464163514,0.068626371
-0.097347777,-0.171431411,-0.977814418,0.04172716
-0.051568398,-0.225318616,0.217873814,-0.117036704
-0.004318377,-0.227432502,-0.094619166,0.072511528
0.31350985,-0.015434773,0.105626448,0.063982008
0.032710694,-0.051340525,0.38488512,-0.040066146
-0.132254278,-0.147170055,0.272971975,0.0556203
0.112000098,0.028423999,0.033882965,-0.012249851
0.067189187,-0.129303177,-0.033842523,0.127388589
-0.011393289,0.385243715,-0.54545059,-0.026739411
0.130620999,-0.169455082,-0.38067558,0.077653317
0.122105388,-0.012488474,-0.039619955,-0.049650477
-0.164153703,0.198543542,-0.288879406,0.080872395
-0.157561593,0.255393969,0.505220433,0.03753478
0.033166449,-0.023173226,-0.190793066,-0.092760112
0.029444939,0.280464606,-0.291335811,0.064148204
0.005987932,0.225228396,0.561992626,0.099743641
0.047890292,0.045064365,0.426417421,-0.171922305
0.262744862,-0.092021248,-0.032766755,-0.156040576
-0.057269653,-0.267745563,0.018234674,-0.031310669
0.013130208,0.066235275,-0.080476286,0.088668928
0.056834745,-0.099368049,-0.631466112,0.104786819
0.056985987,0.295342252,-0.249955817,-0.009996615
-0.155345921,0.186776661,0.05810027,0.168141804
0.04739767,0.535202666,-0.486088208,-0.012062695
0.196508181,-0.178542585,-0.19357879,0.01879389
0.103723805,0.253604468,2.946018181,0.085559664
-0.082327179,0.310104055,3.280302127,-0.077472309
0.0813447,-0.039095488,4.037975801,-0.100773783
0.071086271,0.014352076,3.606671464,-0.033360676
-0.173379094,-0.494933902,0.21451342,-0.048862573
0.093862908,-0.200827037,0.320614109,0.154287478
-0.099712046,0.020762053,0.05939992,-0.074476053
-0.085272399,-0.028572823,-0.119152765,-0.026184068
-0.137089708,0.026871021,2.349215315,0.004694815
0.148888631,0.099179693,4.102757641,0.058046094
0.124984277,-0.402653278,3.754680071,-0.044916985
-0.019246188,0.248052463,-0.023619349,-0.103487187
0.005618504,-0.079138281,0.503580899,-0.045347704
0.06731375,0.200092065,-0.024977378,-0.017925742
0.149513642,0.399581657,3.262538687,-0.06800862
-0.171222859,-0.238649518,3.321444988,-0.270865264
0.026903128,-0.256960544,3.204602896,-0.059022521
-0.077605528,-0.291318323,-0.352222426,0.036146764
-0.008033626,-0.069553464,-0.083751389,0.796092345
-0.069069867,-0.210494568,-0.286789568,0.625877769
0.127596388,-0.008973762,-0.332674448,0.755502153
0.006171004,0.187701973,-0.123205821,1.019401627
-0.171705165,0.108478877,-0.140644292,0.538249122
0.04313617,0.183325258,-0.295016079,0.732090288
-0.140781049,-0.146398957,-0.314196396,0.706842764
0.152960457,-0.169887757,2.88765389,0.872648058
-0.046475788,-0.029747359,3.75853971,0.715738524
0.054604354,-0.276481804,3.434210703,1.025194618
-0.073406612,0.02915663,0.234851756,0.769879289
0.215049027,0.255007436,-0.321459908,0.786006621
-0.221068806,-0.157303871,-0.048932913,0.863691982
0.186824262,-0.064449361,0.003092076,0.64474511
0.017966352,0.168414517,0.120078652,0.800252073
0.023833205,0.203539619,-0.24589534,0.788055666
-0.175010847,-0.483071003,0.076173398,0.846615558
-0.034911455,0.016906111,0.150173704,0.847093877
0.083931213,-0.253699431,0.300248302,0.792689133
0.047902465,-0.249004976,0.31103651,0.694179829
-0.003146026,0.088847788,0.63221419,0.806404659
0.014079957,-0.246384621,-0.52121799,0.865866433
0.014048791,0.344844819,0.335386818,0.575631951
0.125726388,-0.234800906,-0.234873713,0.650662709
-0.078528786,-0.046296541,-0.197083269,0.640254159
0.115511111,0.231742815,0.231708183,0.789080098
0.137152802,-0.125832441,0.151459406,0.798258238
0.011173857,-0.166766578,-0.485344272,0.876458931
-0.041989735,-0.219675794,0.451438453,0.77773646
-0.113634153,-0.204879422,-0.03292965,0.705568716
-0.086888409,-0.117339073,-0.457079489,0.764890571
0.152252196,0.242066628,-0.462019114,0.911690091
-0.044809048,0.377086688,-0.179723204,0.792492833
0.083161439,-0.312167516,-0.363718451,0.789254217
-0.029709399,-0.302641333,-0.202568712,0.623331671
0.059752792,0.211790556,-0.166567004,0.800880013
0.094957396,-0.063577005,0.354546369,0.837297915
0.015144784,0.316253046,0.163017673,0.784318953
-0.001696227,0.080823419,0.318719651,0.606070734
0.124053289,-0.382963551,0.258080593,0.846099311
-0.032195952,0.074370443,-0.336194539,0.796181148
-0.039864938,-0.122409375,-0.075062621,0.826379347
0.123305398,-0.134151151,0.021321587,0.970135495
0.003833089,-0.264047568,-0.116115503,0.802915976
0.076526205,0.593839288,0.399808502,0.764516421
-0.00171789,0.167755935,0.341062715,0.897452767
-0.005021808,-0.534290715,0.000905832,0.770394931
-0.046168288,-0.102985429,0.346025339,0.927057538
0.073948433,0.075150526,0.322497225,0.708932721
0.085870038,-0.065278031,0.213092695,0.772769895
-0.133216734,-0.162370106,0.518831679,0.782405724
0.089209996,0.053779306,0.109965303,0.828463412
0.16605723,0.310651821,0.601943517,0.951095748
0.083485223,0.162162493,-0.698368628,0.887383675
13.34996276,0.101785219,0.161165614,0.92730957
13.64684713,-0.487083893,0.409896965,1.014706553
13.7353925,-0.071210228,0.319830406,0.790442787
14.01948278,-0.102959324,0.435961913,0.610467615
13.20256862,0.057868406,0.028144441,0.814557032
14.34527729,-0.097140811,-0.22595937,0.638968493
14.13622562,-0.424855399,-0.330515341,0.662625075
13.79725651,-0.361858492,-0.020841839,0.841196665
14.09160429,-0.075996271,0.136482382,0.802887328
14.02076,-0.120837529,-0.37095146,0.744701827
13.84928412,0.084289401,-0.110696726,0.665594985
13.37250942,0.001340967,0.178033283,0.829133563
13.64991653,-0.439026296,0.233206287,0.70346113
13.57451203,0.133727759,-0.291469844,0.716335389
14.07407191,-0.162010981,-0.320893384,0.6770975
13.73001445,-0.036733027,-0.26628329,0.719314094
14.20191253,0.03648971,-0.175649331,0.882770381
14.19023699,-0.23783617,-0.572561597,0.733047981
13.98258239,0.55156252,-0.224539186,0.822717259
14.41832985,-0.153402444,0.076557353,0.912951807
14.05654439,-0.036672325,-0.286219746,0.957058165
14.11941378,0.122601648,-0.18465558,0.658899301
13.7128622,0.062670213,0.312731054,0.633371935
13.43196917,-0.132424656,-0.069332455,0.964096535
13.7397579,-0.06092543,0.417674308,0.502124241
13.32719307,0.071644961,-0.435617145,0.796480564
13.83874475,-0.07689168,-0.377830016,0.908572313
13.80562917,-0.039208844,-0.328611546,0.890470357
13.43343605,-0.282782283,0.526253875,0.607330509
13.7855775,-0.064363909,0.120202417,0.702756695
13.44900629,-0.075922851,0.368043354,0.841770791
13.40869118,-0.070080082,0.570725959,0.837379251
12.74173565,0.130756197,-0.311928138,0.721970337
12.9130614,-0.32698476,-0.133253215,0.644709301
13.16386171,-0.193005774,0.331507096,0.701392112
13.48826679,-0.108080758,-0.239776462,0.783924247
13.56911755,0.15775893,-0.151616686,0.833848772
13.32636192,0.125658966,0.293722115,0.775024099
13.37318566,-0.344896356,-0.40708067,0.667505297
12.78077053,-0.178139176,-0.218255337,0.890073357
13.67245953,-0.107504648,-0.361105433,0.878108675
13.23024163,-0.168087575,0.177357024,0.81527043
13.4957717,-0.278469746,0.009692413,0.777082409
13.21248179,0.123260165,0.033920804,0.587468874
13.78741881,0.116893537,0.175253257,0.87563363
13.67440608,0.031053393,-0.509533786,0.782706637
13.5960821,0.137013173,0.339265017,0.769352899
13.68006468,0.387935176,-0.620229155,0.725120263
13.27108839,-0.333491489,-0.157638473,0.894935004
12.21138611,-0.084266972,0.880601709,0.922082543
13.04819536,0.205551288,-0.127158658,0.731365152
13.05779881,-0.114658618,0.115161654,0.760098581
12.98152136,0.134997639,-0.577246792,0.722618277
13.18857233,-0.128554787,-0.223772191,1.074170934
13.06746996,0.249934053,0.808767026,0.852926026
12.61182827,-0.158574615,-0.181168306,0.872075742
12.83783211,0.158368235,0.049528694,0.835408364
13.1002077,0.314178925,-0.018058661,0.799617324
13.33659385,0.018036316,-0.2272693,0.883298694
12.12253238,-0.495826916,0.247852876,0.792377296
11.99633982,-0.059969549,-0.43375301,0.607949226
12.97050481,-0.14599167,0.860771111,0.702305566
12.91133808,0.396109365,-0.278813074,0.816381157
13.09570312,0.127741992,-0.038550948,0.79575831
14.03853731,0.28947544,-0.189423858,0.686228633
13.81540577,0.052118629,-0.216195503,0.811076261
13.83106515,0.319496492,-0.427084212,0.763306679
13.82586004,-0.326436921,0.391923495,0.798143406
13.78676298,-0.125166019,-0.072121348,0.67356275
13.85895379,0.180825735,0.232760156,0.815160224
13.95118949,0.289415025,-0.710830139,0.681808373
13.88379741,0.005899274,0.044172661,0.684947882
13.74096432,-0.323863786,-0.44896759,0.709238042
13.93132276,-0.165891948,-0.092256072,0.685829514
13.91351648,0.210971628,-0.207342116,0.879964247
13.83223818,0.01653429,0.13405747,0.792094017
13.97370432,-0.383176783,-0.078311133,0.821673753
13.83720517,0.132354905,-0.358987309,0.55704441
14.07900659,9.093505208,0.159337516,0.828953872
14.06653561,7.903980577,-0.103121097,0.769807803
14.11469316,2.352754057,-0.257509694,0.746139976
14.18673376,2.66260032,0.219464785,0.752878808
14.2685161,3.376226093,-0.145253084,0.701684775
14.0815485,3.94111056,-0.354034372,0.571897529
14.23970721,4.528778751,0.383395362,0.722780946
14.3004267,-0.111250848,-0.033382574,0.827200407
14.21937583,0.452901753,0.331054571,0.888049702
13.89140981,-0.172258457,0.214359557,0.961586625
13.81248229,0.352929422,-0.272340873,0.886353768
13.78568017,0.02190962,0.055609212,0.868076764
13.80236235,0.031623615,-0.214095618,0.725363378
13.77644331,0.335559601,0.375982322,0.823271614
13.68739729,0.124813642,0.405821503,0.830431534
13.92454534,-0.099867986,0.096621396,0.820384757
13.75274292,-0.001980095,-0.650765158,0.679243862
13.99255897,-0.185975328,0.056402307,0.777949097
13.87709278,-0.133008162,0.192208626,0.863020035
13.43446109,-0.078845483,0.151688118,1.0090126
13.61465579,-0.168542978,-0.093343898,0.860906958
13.48611479,0.121833425,0.346242433,0.801109047
13.58628881,-0.127383129,0.212044797,0.792886798
13.51806849,-0.512658042,-0.173466561,0.821929882
13.79771702,0.130469841,-0.178330567,0.615502949
14.06896146,0.346768901,0.347695792,0.639261367
14.33868622,0.212293678,0.515561156,0.759103324
14.08269889,-0.256386675,0.656038515,0.702788497
14.29964724,-0.158196535,0.120728824,0.699433912
14.22436388,-0.356387994,-0.228127606,0.626631735
14.0017239,0.310525145,-0.313841193,0.713751031
14.30417836,0.061168461,0.090100342,0.913061907
13.9933055,-0.244860668,0.049399262,0.80879114
14.09507316,-0.175072425,-0.371906869,0.771100858
14.60667857,0.300791633,0.135399047,0.855256032
14.41565316,-0.060574143,0.268426661,0.517182467
14.69815271,0.111458923,-0.633694981,0.811405741
14.68462829,0.00133802,-0.824680407,0.82956824
14.47582548,-0.026548048,0.084386398,0.67503261
14.54317548,0.326432638,-0.241518973,0.877476518
14.86297401,-0.348401877,-0.610335319,0.729285446
14.5929196,-0.136636067,0.021196347,0.555568215
14.52676653,-0.243994151,-0.46550445,0.575307786
14.58058193,-0.352333745,0.070958356,0.651694442
14.73044212,0.204013331,0.949321308,0.766772366
14.7316688,0.144836417,0.207833306,0.719444381
14.56812835,9.81E-05,-0.357105166,0.544712024
14.81039433,-0.068943819,0.297617929,0.573355405
14.86626926,0.020955368,-0.058973336,0.781981514
14.62966816,0.204514913,0.204324725,0.760405062
14.23720668,0.015045823,-0.398395892,0.733434221
14.3635495,0.198517376,0.338210746,0.772332781
14.50044022,0.043875527,-0.594157346,0.634347671
14.60848335,-0.060088036,-0.106157604,0.996223078
14.51407016,-0.28839802,0.019835651,0.735792202
14.14967728,-0.036808601,-0.514603378,0.7107935
14.13744952,-0.234784824,0.102848959,0.65014408
14.3854886,-0.328610624,-0.189064474,0.551230068
14.16921264,-0.433322509,0.422314768,0.587877448
14.29058351,-0.062181677,0.031945619,0.700130878
14.31170345,0.043006007,-0.264390281,0.668886237
14.22208809,0.088131745,0.009872857,0.819664766
13.99655973,-0.290013352,0.138926428,0.799215967
14.10199145,-0.111153427,-0.094458623,0.755403337
14.16210921,0.101306846,0.152241862,0.819367803
14.31228213,0.265107738,-0.129275898,0.651274452
14.40865849,0.056140578,0.322079142,0.869965053
14.47533073,-0.041361508,0.230254536,0.860522894
14.52168677,-0.267720247,0.278558211,0.668652978
14.72022154,-0.319829674,0.382382709,0.763020892
14.44844634,-0.180801512,-0.183392805,0.772995679
14.80471764,0.04673685,0.099291107,0.857838594
14.3836088,-0.120555449,0.161153441,0.723572013
14.39974339,0.009861771,-0.476513623,0.826468412
14.4668634,-0.302091863,0.262713542,0.841628603
14.19709594,0.116997407,-0.294216171,0.703613429
14.12434849,0.287464607,0.021189461,0.650843275
14.15259398,-0.166344783,0.294760547,0.718462461
14.04654925,0.080063682,-0.052185473,0.777885539
14.16533558,-0.085987064,0.5336061,0.932433437
14.26749571,-0.411195597,0.823630043,0.906637472
14.12902895,0.04063191,-0.086025947,0.682766794
13.97706091,0.017897237,-0.542996716,0.890373577
13.92248381,-0.041923019,0.16517634,0.851808639
13.94446586,-0.016423676,-0.331982391,0.799240634
14.03730338,-0.151614197,-0.137149874,0.710623366
13.75458265,-0.081210989,-0.348305439,0.622946727
14.06155229,-0.261322455,-0.148231541,0.736549116
13.9200679,0.077776703,0.278208797,0.830240381
14.0441778,0.27524237,-0.120967204,0.695085096
14.23188622,-0.037610651,0.487558325,0.700430179
14.14297188,-0.234871666,-0.076487246,0.606717271
14.11053075,-0.002834034,0.211989223,0.779151287
14.18054301,0.023735218,-0.248969101,0.726092606
14.24283784,0.249060607,-0.037306042,0.740706308
14.12689955,-0.418259672,-0.407113653,0.699989403
13.97709632,0.247611733,0.554739049,0.776941678
14.41297596,-0.217329268,0.148370405,0.692265457
14.14131539,0.204801156,-0.212933344,0.775420916
14.27535202,-0.076908708,-0.221636406,0.851983394
14.16300988,0.260199918,0.29483044,0.888340165
14.25650974,0.011551255,-0.126461424,0.671342264
14.02147365,0.155923822,0.04065734,0.675720489
14.124295,-0.150942051,-0.724770936,0.740448471
14.17459654,0.406544859,0.064325975,0.709989872
14.28691503,-0.365148121,-0.180773329,0.76285318
14.08838189,-0.161736704,-0.385514515,0.615362298
14.18550722,0.363101541,0.002460239,0.71883267
14.05608772,-0.117474516,0.044483992,0.587498125
14.17755739,-0.148360278,0.362823483,0.742062563
14.25574772,-0.018196324,0.139822525,0.8081144
14.34770609,0.42857775,-0.457499015,0.862906492
14.19652245,-0.004764416,-0.18693598,0.702837889
14.33615521,-0.348413692,1.015195463,0.784162398
14.31568633,0.198909957,-0.765066945,0.804914418
14.39108641,0.233936357,-0.150860123,0.734200154
14.39934609,8.808165051,-0.622754195,0.762662554
14.30699884,8.227701499,0.054837333,0.644819134
14.15570662,1.804673361,-0.353096787,0.880924493
14.1503071,2.754994019,-0.289718458,0.684007824
14.1821128,3.323907245,-0.416758266,0.949714781
14.28566827,4.484025922,-0.365151194,0.675914521
13.98887003,4.347263886,-0.226046448,0.807109856
13.84073746,5.464750378,0.070500066,0.6822679
13.95165083,0.207290193,0.079060193,0.799023969
13.73026396,-0.044457659,0.037161319,0.849367913
13.59538368,-0.091738236,-0.125845852,0.857860138
13.56471431,-0.294136967,-0.091360855,0.791790623
13.65788646,-0.005491924,-0.197118004,0.570282164
14.0083925,-0.206972654,0.04781465,0.589084279
13.85235841,-0.376864818,-0.120093402,0.729734293
13.99642963,0.243546906,-0.561940307,0.853047678
13.88556376,-0.186325806,-0.248549869,0.775670895
13.94544724,0.208271109,0.285955317,0.833033382
13.83064255,-0.254317487,-0.01351154,0.773845765
13.60748777,-0.078798423,0.567116189,0.676364395
13.71571415,0.606724504,0.267252148,0.721928175
13.78131555,-0.191812141,0.291865654,0.636719685
13.66129918,0.019653565,0.149305998,0.747208592
13.7623484,-0.326448503,-0.269552459,0.585545075
13.87130875,-0.070162032,-0.787050794,0.797462138
13.92508282,0.353027879,-0.49070854,0.808344578
13.85904172,-0.160868458,-0.101242605,0.671899491
13.84099264,-0.021745491,-0.403735872,0.623115973
13.5300094,0.090281009,-0.275819553,0.78737069
13.69066119,0.054444937,0.053400062,0.568249857
13.71294921,-0.431977639,-0.574234683,0.779895773
13.56104434,0.252633606,-0.325274535,0.860493255
13.5425537,0.119988022,0.160081027,0.58784646
13.82946542,0.02148932,0.241680653,0.86439026
13.65976844,-0.040321805,0.172960076,0.778669551
13.86599118,-0.056555162,-0.163167742,0.745936095
13.71688923,-0.059543945,0.376260748,0.738272378
13.63279548,0.22276879,0.335815934,0.668751863
13.33928305,0.090187023,0.376097629,0.717161291
13.24376397,-0.336546484,-0.304378623,0.528095346
13.36899125,0.097304978,-0.062695542,0.849768076
13.3738082,0.263651585,0.283010109,0.735596927
13.43860907,-0.094476128,0.063704236,0.739818905
13.4321524,0.022370805,-0.082939817,0.659726696
13.54675626,0.068167095,-0.151411341,0.863831536
13.62698176,0.179974502,-0.055280769,0.924091585
13.72497052,-0.049973546,0.03380504,0.716497365
13.69047162,0.267891992,-0.227964614,0.772785986
13.47734355,0.135340151,0.406807689,0.758635827
13.52576067,-0.235804098,-0.31080562,0.646110468
13.69669253,-0.011543524,-0.631524785,0.707457374
13.62354974,-0.177710154,-0.395800089,0.772430381
13.69135232,-0.245123953,-0.369785251,0.615914371
13.92533102,0.447041148,-0.310275316,0.749974033
13.80774447,-0.030660206,-0.162448863,0.842255153
13.87904884,-0.095491669,0.296221599,0.912011185
14.02598426,-0.068268531,-0.613910909,0.848560285
13.47154101,0.270980156,0.276440007,0.481312589
13.82542549,0.086560922,-0.168576664,0.862710969
13.68565293,-0.441755591,-0.038768615,0.821680842
13.49958254,-0.048709655,-0.004254583,0.871506682
13.66412581,0.089380579,-0.090025891,0.745806278
13.51189695,-0.218178189,0.098796578,0.72295788
13.66836312,0.040020263,0.435266224,0.862342593
13.6901813,0.10935751,-0.257092591,1.06186402
13.61488446,0.014975867,0.350602909,0.681223314
13.60536708,-0.158646531,0.529294751,0.745072172
13.66306199,0.006028929,0.18536199,0.765276041
13.50930256,0.213673284,0.294895522,0.666336755
13.60156029,-0.060884264,0.12835371,0.719165954
13.70719983,-0.159716613,-0.271823984,0.673181338
13.50979755,-0.130106696,0.101439031,0.768163725
13.44082169,0.151578382,-0.256986718,0.802812222
13.13147978,0.189703214,0.094925556,0.638910542
13.27392621,0.290551304,-0.211374287,0.834249544
13.31620077,-0.243021563,-0.17974675,0.743773899
12.86299749,0.172461363,-0.596290589,0.765091443
13.07620436,-0.1253387,0.049305105,0.769052751
13.01299187,0.067625009,0.155809371,0.763866961
13.12990934,-0.015942814,0.46410624,0.821564863
13.17584581,-0.081523326,0.150478887,1.006453664
13.15485112,0.358604843,-0.049020462,0.817002336
13.02855981,0.296895104,0.310960865,0.933318883
12.99932532,-0.241962486,-0.306718792,0.659160526
13.03261492,0.289901387,0.169580535,0.783083552
12.87987812,0.076864581,0.20929766,0.766284893
13.06445162,0.40290936,-0.001377108,0.797962862
13.32141956,0.086113763,-0.081763625,0.847554497
13.40999763,0.141286071,0.123197909,0.753229048
13.32115291,-0.034970514,-0.230320711,0.802227788
13.32162402,-0.391607505,0.160374514,0.844334469
13.62113723,0.008517221,0.052803002,0.650543911
13.26086104,0.13321782,0.133229581,0.525153143
13.21250448,-0.446218833,0.121097327,0.831805443
13.02736475,0.171750757,-0.172329206,0.82407043
13.06641055,0.012122151,-0.44530748,0.810341092
13.14236985,-0.064249531,0.515362288,0.729930291
13.25858482,-0.054542668,-0.435146859,0.768818474
13.23922041,-0.055951928,-0.174425427,0.718810244
13.08487563,0.076698779,-0.213014072,0.555632725
13.18069966,0.138925464,0.102034268,0.751644866
13.10213266,-0.177605705,0.007026048,0.750251183
12.85033256,0.432082284,-0.260694533,0.798560261
12.87877425,0.031401505,0.653220178,0.932054355
12.64955321,0.119293083,0.00023879,0.878090413
12.82287453,0.041254624,0.112375991,0.683027207
12.93751011,-0.091887444,-0.051075218,0.794635859
12.860367,0.029570359,0.018090628,0.753325346
12.83118768,-0.262409105,-0.373690645,0.741509775
12.82980549,-0.246221963,0.296868501,0.867497462
12.97836153,-0.164581697,0.104955472,0.846648752
12.97884122,-0.003350141,-0.38617873,0.77889164
12.80726659,0.350433523,-0.102591544,0.790325837
13.22810422,-0.196301185,0.03367139,0.859006841
13.21875176,-0.012158104,-0.312042054,0.805074807
13.15270672,-0.203026999,0.009157021,0.680957754
13.14978479,-0.730155938,0.220275976,0.932575378
13.20756713,0.233305168,-0.273913057,0.922244445
13.46048497,0.15241886,-0.050144902,0.826213406
13.53972502,-0.422894009,-0.609502844,0.677002614
13.4562779,-0.057614307,0.766049008,0.724349972
13.41654962,0.17182925,-0.040617049,0.8347692
13.28547266,0.08168531,-0.171724735,0.898869393
13.60830919,-0.282325855,0.400456012,0.659951209
13.53977083,-0.260803945,0.162638041,0.705840963
13.55242212,-0.239940552,0.430460617,0.887895849
13.64413311,0.131110228,-0.282173943,0.911514353
13.4363273,0.475720362,0.244436483,0.719172859
13.51925383,-0.113634298,0.914960303,0.808294071
13.66450925,0.070661965,0.215194276,0.712385635
13.49756376,0.218139599,-0.405843791,0.938887092
13.62637404,-0.120067699,0.225460243,0.756572474
13.56243656,-0.307978079,-0.089009555,0.566622581
13.72362482,0.147423845,0.156999529,0.674946177
13.42669571,-0.036534306,0.297719081,0.860000344
13.46519404,0.046513355,-0.126214803,0.760817515
13.68952778,-0.006733078,-0.60233119,0.694252067
13.59695199,0.1953423,0.15922454,0.721965588
13.77601289,-0.321849683,0.503093554,0.851271714
13.8082321,-0.008130015,-0.351311482,0.666652539
13.76380739,-0.206215397,0.809220958,0.805387324
13.58215975,-0.200144158,-0.187307649,0.70558054
13.51258064,-0.014162123,-0.00635383,0.821891689
13.55476845,-0.047284282,-0.092909585,0.80421257
13.85582117,-0.212624059,-0.093348351,0.812344216
13.81652114,0.127764607,0.171398798,0.796824122
13.75414859,-0.334581282,-0.003123237,0.88272451
13.64521474,-0.010658321,0.023160847,0.673893698
13.69021556,-0.181673405,-0.447923465,0.732110068
13.71593129,-0.069397232,-0.409972137,0.540585775
13.59829412,-0.213451467,0.434519185,0.892669141
13.59404497,-0.030879476,0.133639346,0.796796175
13.33227118,-0.131801821,-0.197368949,0.996130134
13.6113646,-0.421877228,-0.060963813,0.872645164
13.64413546,-0.285390723,0.253347883,0.82542282
13.44776406,-0.06674622,0.199649665,0.682324248
13.5142172,-0.210642235,0.701692978,0.644920937
13.33313016,-0.05311152,0.076815929,0.832418017
13.36273269,-0.0720787,0.164003862,0.877056884
13.1398016,0.342669759,0.616811103,0.782244292
13.38136829,0.361498647,-0.52270896,0.690896667
13.47415014,0.159659993,0.233736433,0.631709965
13.46902904,-0.14019074,-0.118963779,0.678258186
13.35486915,-0.039038968,0.179816301,0.951788128
13.45557427,0.042897601,0.332427718,0.898411251
13.67409862,-0.148483,0.474531179,0.860107615
13.20615333,0.232575337,0.952272487,0.925263397
13.45721985,-0.157789534,0.132250352,0.920564782
13.26855691,-0.418454106,-0.084080745,0.689493164
13.37005363,-0.309131984,-0.66434851,0.901979859
13.29562766,-0.157661373,0.040456668,0.578125339
13.46969761,0.012217054,-0.78532658,0.741896887
13.45782996,-0.037055241,-0.095314066,0.684722986
13.55528239,0.071273665,-0.368048691,0.792695974
13.59328488,-0.049116083,-0.630710733,0.818220302
13.41054638,0.071041352,-0.157645609,0.913069721
13.00176145,0.018867566,-0.35611298,0.83777165
13.11103898,-0.243098075,1.017890643,0.965145253
13.09677486,0.248991257,0.082119011,0.849636687
13.1227503,-0.130061086,0.015675282,0.823198344
13.25185285,0.110469238,0.434037468,0.646310341
13.32211975,-0.051935916,0.034177608,0.763392018
13.38684005,-0.17906039,-0.005705909,0.766990531
13.36950045,-0.455627502,-0.15258727,0.927932202
13.5712409,-0.113078908,0.011446821,0.786233173
13.46815536,0.136530825,-0.214757846,0.867445399
13.41072762,0.155857044,0.047510206,0.890947753
13.31888559,0.365287918,0.241065032,0.781539093
13.25537256,-0.278876581,-0.118059309,0.757602666
13.25529569,0.068503153,-0.144932104,0.953822531
13.31794831,-0.024882291,0.180808236,0.851747591
13.47623642,0.20356115,0.213739681,0.732586297
13.55572723,0.263245714,0.2603596,0.825950636
13.52618907,-0.016682127,0.009559158,0.772989556
13.59699738,0.19082292,-0.232002255,0.619227127
13.63154982,0.332384347,0.077659087,0.865506729
13.61272475,-0.0192575,0.096575462,0.730753189
13.65505888,0.215918229,0.052215371,0.685190481
13.71121511,-0.181084654,-0.543802515,0.795195553
13.3136558,0.120536766,0.314823446,0.812592819
13.02397916,-0.122236822,0.116898902,0.652172945
12.76059894,-0.305144202,0.085115952,0.673309849
13.08478104,-0.025727214,0.143853636,0.702162857
12.81366606,0.144138156,-0.035523621,0.628974504
13.04902554,-0.030265235,0.23461375,0.834282699
12.96991,-0.351303645,-0.181115321,0.824938646
12.86778155,8.893023912,-0.058189925,0.713416805
12.77075925,7.984275229,0.303014211,0.795492791
12.8902511,2.294498095,0.769629412,0.748883186
12.57941879,2.821282381,0.111747564,0.820102498
12.85140484,3.369783694,-0.251053155,0.89530848
12.73619103,4.442152978,-0.497485596,0.694957699
12.9066154,4.679622368,-0.109228556,0.80863044
12.69364567,5.03113521,-0.65390057,1.078186831
13.04390043,0.254936342,0.024474832,0.713875031
13.23147026,-0.273503342,0.028076166,0.739771885
13.13985542,-0.039171512,0.187126947,0.65730625
12.98446522,-0.142225063,-0.111140028,0.657437953
12.81644806,-0.131065657,-0.386804877,1.151282706
12.67821686,-0.045785153,0.080370249,0.793590906
12.87612277,0.184230422,-0.133945531,0.64863733
12.47796809,0.435240521,0.975443839,0.632702516
12.91784288,0.071129887,0.017850846,0.854938325
12.75281251,0.232316757,-0.055195803,0.71248114
12.73326158,-0.090234492,0.047042377,0.697318171
12.78146658,0.080653086,-0.294441762,0.866502458
12.91643707,-0.275843823,-0.033414957,0.758052802
12.89445989,0.080784484,0.354730205,0.792337213
12.99623916,0.29569177,-0.221625799,0.702915854
12.93096328,0.087750011,-0.497756533,0.687279144
12.69112543,0.21295266,0.147180014,0.745978519
12.89121932,0.273266346,0.120351816,0.780551996
13.03213549,-0.056011309,-0.072260609,0.809605522
13.1766142,-0.244022542,-0.303202267,0.777743253
13.19049104,-0.104206189,-0.392918784,0.88190288
13.34107392,-0.150685504,0.048867742,0.834511252
13.41971419,0.074459533,0.009492391,0.530330876
13.49102691,0.31477685,0.370924416,0.823180952
13.44118625,-0.35644771,0.18715359,0.816768074
13.59784698,0.008656478,0.226081856,0.780696014
13.41998448,0.294069904,-0.158627823,0.829647015
13.58185297,0.084855331,-0.045875348,0.763298619
13.6911149,-0.181040112,-0.610358022,0.840235129
13.64888044,0.055674891,0.427545889,0.878965221
13.43282311,0.26750111,-0.304221008,0.838189817
13.53517957,0.155116745,0.170310019,0.823455957
13.29160368,0.087488404,-0.182257534,0.902329588
13.35939645,0.062718937,0.111982461,0.658106643
13.63007431,0.008708357,0.290820281,0.9126801
13.45900786,-0.215649327,-0.104652762,0.848615409
13.46318427,-0.27219226,-0.239022832,0.84237563
13.57134427,-0.006538491,0.022120587,0.906698796
13.44809068,-0.001477597,0.063300868,0.602065679
13.64169934,0.324759987,0.082467492,0.878551774
13.6137522,-0.165046419,-0.00013423,0.634224705
13.72283104,0.279782103,-0.142030903,0.806687258
13.84988869,0.220106645,0.015975198,0.785691526
13.69908588,0.495580802,0.207860849,0.803051493
13.80308517,0.130104395,-0.252980661,0.806266488
13.84752019,-0.078387545,-0.011202194,0.882530722
13.68218815,-0.148801173,0.539599413,0.756314582
13.73122957,0.321867341,-0.067471447,0.69788842
13.41364992,0.094026798,-0.265574034,0.912816043
13.0605288,0.124128543,-0.214315158,0.737187356
12.81973855,0.09929685,0.253553416,0.821049331
12.77461326,-0.189264101,-0.654093,0.72294043
12.56882608,3.23E-05,0.223155349,0.687758169
12.63949737,0.165745771,-0.088312547,0.678223576
12.47944152,0.460846356,-0.229590146,0.68006831
12.44309442,-0.00092194,-0.013464919,0.82085626
12.48301461,8.844344923,0.345417885,0.691529971
12.24793789,8.170823556,-0.082610216,0.867483345
12.18621115,1.973217799,0.685912484,0.794980896
12.26729759,3.088369828,-0.306003037,0.806896452
12.32533071,3.366261697,0.33739605,0.751910391
12.09271375,4.123918179,-0.566825671,0.872103462
12.45304037,4.764682587,-0.154261614,0.693233191
12.63444358,5.248070475,-0.090420366,0.549256644
12.83240848,-0.214878373,-0.351858753,0.728201587
12.84153755,-0.073009779,0.22915891,0.544245928
12.96541486,-0.057469629,0.151303515,0.742655122
13.10823235,0.21740006,0.435133225,0.710578239
13.02199086,-0.129833205,-0.199370633,0.881581776
12.71898995,-0.36787284,0.318158905,0.74546819
12.73787884,0.14417291,0.047117141,0.804075903
12.9012181,0.276974557,0.39700805,0.927497367
12.87925338,0.085174906,0.150329727,0.711349427
12.98937299,-0.112467015,-0.021561739,0.738216671
13.00910295,-0.126253069,-0.037428443,0.728239673
12.96788986,-0.13830616,-0.286895413,0.76023991
12.95277955,-0.11076556,0.270236677,0.922100684
13.07304948,0.046025064,-0.003186868,0.795466739
12.91003555,-0.007532189,0.799437357,0.809266731
13.32703654,-0.023227151,-0.347604151,0.685103411
0.022389743,0.135935424,-0.096734733,0.911469448
0.176357021,-0.41965671,0.011679317,0.762915816
-0.038217648,-0.135829949,0.242539828,0.78811002
0.038084638,-0.274710385,-0.290400713,0.715021099
0.086934356,0.09712355,0.143170116,0.7055711
0.037993258,0.228308865,-0.101861547,0.729631938
-0.14360534,-0.207872125,0.071662881,0.779669464
0.108507074,0.168517977,-0.57790548,0.763773544
0.064432719,0.10514015,0.205775869,0.802764694
-0.026242492,0.109307324,0.372735489,0.791050407
-0.101336756,-0.090640378,-0.203356877,0.872190454
0.0435992,0.243775493,-0.106847738,0.789979971
0.050676354,0.56047673,-0.224902194,0.835691162
-0.06667225,-0.283485526,-0.049551913,0.803466762
0.013818403,0.052331063,-0.002875195,0.772460441
0.141909774,-0.245920288,0.29528885,0.794035162
0.044635493,0.176378178,0.355386315,0.882157573
0.03266857,0.102262754,-0.204161759,0.822827402
-0.054014537,-0.001028681,0.656642478,0.931352054
-0.046499599,-0.035096417,-0.187513336,0.751432543
0.005158588,-0.568720166,0.730639073,0.822498941
0.070326917,0.097879767,-0.096172039,0.76978601
0.195033762,0.145109482,0.243925791,0.837877517
0.010255144,-0.358768534,-0.266166922,0.943690505
0.016058012,-0.108800824,0.173140158,0.938570276
-0.117434328,0.394130859,0.041857067,0.782624386
0.040196887,0.142399203,-0.007913984,0.78603155
-0.046158698,-0.355166921,0.028282783,0.864030474
-0.005885883,-0.040727925,-0.163567989,0.778837131
-0.013491517,0.303424231,0.326140696,0.791133818
-0.078150411,0.15601997,0.140020354,0.69710075
0.036824165,-0.141007708,0.132602453,0.799163247
-0.060316984,-0.282973712,-0.257286,0.715143973
-0.182829128,0.195325344,-0.05268918,0.773737622
0.032003422,-0.051142149,0.03544289,0.80432355
0.2550186,-0.163163271,-0.392670202,0.767075405
-0.109122143,-0.091735872,2.847037353,1.0018986
0.039953171,0.075812267,3.6362229,0.687663994
-0.139038018,-0.240458651,3.55013856,0.715755786
0.079492595,-0.159708798,3.595800295,0.687880012
0.094701871,-0.026870478,0.287133557,0.660589837
0.09680338,0.041296607,-0.077178012,0.864008773
0.04082239,0.355443355,-0.231540442,0.711289197
0.043588242,0.227326631,0.085795627,0.899947659
0.098967677,0.229811493,-0.128715198,0.797988745
-0.195417733,0.212284411,3.278063096,0.897042393
-0.055239332,0.198621319,4.064406199,0.76920315
0.050444104,-0.073554149,4.068685407,0.694776384
-0.008370558,-0.197999988,-0.506620175,0.785217161
-0.027589958,-0.06307196,-0.37634702,0.750697395
-0.113571602,-0.456419784,0.09333734,0.859367495
0.029322943,0.109705941,-0.799014311,0.755451291
-0.140939882,-0.089139104,3.756196848,0.834341351
0.029385548,0.2080231,3.521546327,0.718174375
-0.027940365,0.390132412,3.642890881,0.917292551
-0.006192359,-0.014112759,4.012325446,0.835131019
0.132527217,-0.273493608,0.453173658,0.663198136
-0.27066514,0.188511046,-0.138757027,0.736739352
-0.114688928,0.287222677,0.274017808,0.936704071
0.100221458,-0.121186514,-0.793923296,0.728788853
-0.079731608,0.388342888,3.418269998,0.86150939
0.057541353,0.339729167,3.552668675,0.983250947
-0.019419885,0.153091327,3.635447652,0.958066506
-0.002466947,0.151935825,0.045932444,0.672006923
0.091727999,-0.005856073,-0.579467478,0.81514374
-0.080801168,0.083164894,0.119567873,0.914520412
0.01005985,0.16551781,0.602897714,0.661574603
0.129001684,-0.161882411,2.515726978,0.50483997
0.066543802,0.246770664,3.983680956,0.741263467
0.133685712,-0.225840749,3.460245079,0.83902235
-0.091101759,0.244858771,0.163822475,0.676750957
-0.100305196,0.12127626,-0.074630722,0.853890392
-0.004539846,-0.094411863,0.29565538,0.785178461
-0.09185569,-0.016516743,-0.173371259,0.790980892
0.028487152,0.02739005,-0.100589838,0.791227384
-0.004178462,0.22283288,0.409700897,0.775128169
0.156029125,-0.098230026,-0.098077949,0.719136758
0.12154009,0.013572175,0.335679477,0.861100725
-0.08425082,0.310085272,-0.591804134,0.839052126
-0.026943442,-0.206920396,0.384356095,0.876233478
-0.001930338,-0.277657938,0.096624986,0.488316359
0.135796056,-0.001519498,-0.474622614,0.630954476
0.097021806,-0.419323781,-0.433277948,0.88634567
0.008301439,-0.067274097,0.151335246,0.872147596
-0.047010566,0.149219596,0.300814837,0.784778295
0.074751352,0.074544032,0.163030556,0.722557101
-0.127747155,-0.030377171,-0.197823778,0.71097247
-0.079432953,-0.215221574,0.286284706,0.848994491
0.121281543,-0.22079469,-0.239494361,0.722952183
-0.151026871,-0.181793962,0.198271781,0.869168399
-0.084831103,0.025053342,-0.236375819,0.955909459
0.063603136,0.180799211,-0.123231209,0.779449306
-0.017531693,0.204335756,-0.080565056,0.719864633
0.018042862,0.194318276,-0.404957728,0.810745495
0.070082954,0.231819837,0.244620091,0.705209302
-0.112558539,-0.174073261,0.421572257,0.796773411
-0.067429834,0.122701278,0.229913433,0.77108807
-0.20840891,0.236676299,-0.476558084,0.862181777
0.064150479,0.15199382,-0.454547217,0.765490946
-0.017134393,0.450115669,0.388749083,0.797510188
0.006896208,-0.271007901,0.227645952,0.720912374
0.187022715,-0.105249559,-0.049106041,0.570325868
-0.021026908,-0.05141095,0.622922375,0.742988697
-0.0839418,0.013481662,-0.130228574,0.611661658
0.013202559,-0.082951999,0.135162146,0.900143886
0.16344177,0.091470923,-0.009954171,0.992000533
0.158231692,-0.099504196,-0.122561817,0.829600474
0.139280026,0.006693193,0.470389422,0.913333584
0.043520688,-0.329629227,-0.02173821,0.792859104
0.091467953,0.390592914,0.167699721,0.990118956
0.05088189,-0.022473441,0.084554174,0.796931231
-0.053168014,-0.133923646,0.242519279,0.737837496
0.054558567,-0.100259718,-0.045386246,0.887835346
0.135128402,-0.343367555,0.063322241,0.787737602
0.065108309,-0.046885014,-0.459453764,0.820590169
0.043230746,0.064904902,-0.188500553,0.895011804
0.048320979,-0.333889825,0.31731524,0.574839853
-0.221743673,-0.053632598,-0.107744179,0.645386543
-0.305725801,0.226366766,0.012856423,0.869725857
-0.010973803,0.130461356,0.063217509,0.801603658
0.172008578,0.339129971,-0.260033841,0.713560923
-0.085623028,-0.352732572,0.140134131,0.790875258
-0.16024332,-0.050657144,0.208334295,0.834334515
0.049046683,-0.057217423,-0.120086093,0.806145361
-0.035455541,-0.248192335,0.23653287,0.606711294
-0.027306875,-0.205933802,-0.417676376,0.793237653
-0.016799822,-0.172934272,-0.48575786,0.861818551
0.095371359,0.126909507,0.198871819,0.951506936
-0.044511177,0.210819479,0.760743252,0.71462833
0.011473384,-0.02402958,0.372312,0.783477243
-0.175490535,-0.050366157,0.150238687,0.805063902
0.060488308,-0.068836191,-0.311931918,0.828169769
0.03805148,0.335425605,-0.163178358,0.783739111
0.078038978,0.072095126,-0.412358456,0.788759302
-0.015820611,0.086012429,0.242982909,0.751334519
-0.012658736,-0.221820753,0.237250684,0.621840152
0.00077181,-0.044873892,0.28465548,0.588062696
-0.145679656,0.406160602,-0.162169235,0.906849943
0.103903424,-0.08382634,-0.009222695,0.691301305
0.050497321,-0.197176358,-0.483310891,0.853026161
0.014177753,-0.546870899,0.388833769,0.764389102
0.20557089,0.155574942,0.088547021,0.668760371
-0.037984525,0.41268948,-0.047573034,0.788505952
-0.098429676,-0.168633414,0.723251204,0.635944667
0.10360801,0.024949816,-0.057760228,0.837570449
0.18565714,0.205035119,-0.200636316,0.90755162
0.142877595,0.115851348,0.312229675,0.934416064
-0.064274535,0.298504342,0.522717465,0.880505858
0.053945153,0.052776346,0.389650556,0.689186803
0.143788781,-0.082777218,-0.344520328,1.000148241
-0.055167038,-0.160437149,-0.540820247,0.752647448
0.178063708,0.055880887,-0.308503698,0.708695537
0.063434054,0.123183234,0.461505458,0.960488423
-0.107717832,0.311765472,0.094111771,0.798481828
-0.153373476,-0.28404065,-0.333554014,0.819868875
-0.278260702,-0.097101353,0.469080844,0.896716327
0.116208168,-0.294568136,-0.180782276,0.761231322
0.067679198,-0.429347142,0.309656993,0.708467436
-0.030186183,0.000399733,-0.008898098,0.736411344
0.03416766,0.253654373,-0.259861705,1.018342906
-0.158003573,0.015541703,-0.305122518,0.780701907
0.005511424,-0.147509132,0.209889213,0.667812743
0.00012576,0.306693225,-0.057702217,0.766828188
-0.118313264,0.00182653,-0.156844013,0.946468446
0.128249654,-0.111130292,-0.172310716,0.831656028
0.111636973,0.044537559,0.58152803,0.901127605
-0.042346211,0.304030057,-0.052659547,0.647049566
0.124746578,-0.380805303,0.17394762,0.824571755
-0.150494779,-0.030609248,-0.111855683,0.787490528
-0.086109611,-0.308252331,-0.072025428,0.688348665
0.221389033,0.011097478,0.014614187,0.703383787
-0.06652504,0.108936897,-0.108467484,0.770843806
0.210393559,8.771861403,-0.03227241,0.686201206
-0.090572209,8.210198954,0.22324308,0.61076162
0.029611429,2.3971085,-0.00213687,0.59997604
-0.002442156,3.25099471,-0.659474479,0.772464417
-0.142273292,3.615133648,0.038444048,0.600976213
0.002280851,3.922215575,-0.444435411,0.865327266
-0.023236844,4.733992781,0.415333582,0.873107335
0.122863942,-0.211076414,0.159000242,0.809523635
-0.040076269,-0.10888613,0.04081183,0.566065077
0.119502849,-0.148919695,1.096462587,0.759799525
0.075418738,-0.210555024,-0.46943432,0.884835964
0.166948973,0.11616399,-0.171362899,0.80228319
0.009497262,-0.401767048,0.360840223,0.937231916
-0.166270789,-0.095773862,0.577656562,0.782990604
-0.153296461,0.040280433,-0.686289761,0.774328741
0.100669203,-0.005013101,-0.270759334,0.722393092
0.042910992,-0.196568118,-0.299781491,-0.085181174
0.008257868,0.142227685,0.51046769,-0.189595618
-0.031827563,-0.277245245,0.217990765,-0.194769252
0.03218528,0.177352631,-0.174130142,0.058284232
-0.010735903,0.12640394,-0.155757234,0.046604683
-0.100221663,-0.148185411,0.152236138,-0.04285237
-0.112231834,-0.273731176,0.326520024,0.009850248
0.130603077,-0.046293342,0.053550499,-0.06343935
-0.232744905,-0.064070605,-0.300384211,-0.027480989
-0.134489748,0.081303635,0.119341361,-0.147956387
0.103392249,0.134953077,-0.36576604,0.004158478
0.070615697,0.062574677,-0.318188124,0.073402846
0.036748725,-0.089334232,-0.217343543,0.171322836
0.047879892,-0.13784915,-0.146528504,0.025731932
-0.022437102,-0.003481903,0.246707428,0.234856174
-0.015853407,0.198229326,-0.352253467,0.084682935
-0.029495264,0.494658056,-0.147479543,0.011638868
0.031564635,0.107716676,0.119156439,0.062351691
-0.015511921,0.173402694,-0.182953982,-0.159923493
-0.06215219,0.023189423,-0.668535605,-0.167810325
-0.108195176,0.195062971,-0.264553683,0.032360522
-0.025858482,-0.05205897,0.501177662,0.16810451
-0.139014834,0.386813029,-0.176571705,-0.049552708
-0.183782739,0.405380157,-0.404877697,-0.027431635
-0.025103351,-0.248266304,0.233385741,-0.029877954
0.055114854,0.02994331,0.212429127,-0.010527779
0.164958229,-0.120114797,-0.228978392,-0.04206472
0.091070844,0.271545769,-0.379307121,-0.014275747
-0.019569769,0.12012832,0.577470399,0.097419561
0.031220084,-0.517575384,0.271337426,-0.131924615
-0.186277322,0.006879374,-0.248499451,-0.132882292
0.043367522,-0.281324096,-0.27612739,-0.009288798
0.092941794,0.034860624,0.428525816,0.01154737
0.184457316,-0.147896138,0.201651037,-0.117778933
-0.011938797,0.056573498,0.193053424,-0.118072415
0.007960934,-0.262236853,-0.539818768,-0.085821664
-0.088904464,0.12252917,-0.177729225,-0.34506238
0.053747766,-0.193868733,-0.107052571,0.102697038
0.051310411,0.219339777,0.105388895,-0.007154977
0.12573845,-0.097731654,-0.023039497,0.066540625
0.13128337,0.075748435,-0.079769086,0.1093199
-0.099949424,-0.061411926,0.215549435,0.20512593
-0.025139978,0.134077462,-0.116337393,-0.014358065
0.043800676,0.016329005,-0.115684792,-0.05530614
-0.007958917,0.073647612,0.2000291,0.154747742
-0.018686492,0.036078906,0.410596694,0.001245543
-0.075511438,-0.206203915,0.288480658,0.086331986
-0.029971338,-0.160264721,0.17919816,0.12070373
0.132450938,-0.13304579,-0.327138476,0.142520109
0.154659595,-0.209301917,-0.587066553,0.111195449
0.087906482,-0.313876271,-0.745947827,-0.048349114
0.054752491,-0.264047645,0.446707412,0.010201726
0.058366163,0.118903621,-0.199672916,-0.048468343
0.002032765,-0.254162272,-0.423714807,-0.194494439
-0.101202933,0.017418053,-0.368958324,-0.077073685
0.021460458,0.004754803,-0.055028467,0.074589147
0.024677907,0.014076749,-0.562466326,0.116417564
0.006444741,0.235485022,0.377583869,0.044900808
0.039013028,-0.784820663,-0.395579083,0.009864504
0.13012959,-0.124708471,0.441667687,-0.029701231
2.85E-05,0.118350146,-0.093881632,0.02729363
-0.026884874,-0.325435206,-0.809130873,0.136618242
0.028154238,-0.187452607,-0.068077025,-0.020674771
0.127002343,0.069964776,0.225531905,-0.01289071
-0.032129784,0.100156658,1.084993138,-0.125413983
0.037332345,0.081067806,0.001170792,0.070631656
-0.065585426,0.185840973,-0.142213071,-0.118579198
-0.043007324,0.072373194,0.166996708,-0.045142641
-0.009167837,-0.087609245,-0.055896637,-0.062719185
0.075686031,-0.101257554,0.504137456,-0.014352731
-0.125927277,-0.385244799,0.248933545,-0.054718438
0.109952978,0.285909744,-0.325918976,0.00938105
0.219551372,0.15261284,-0.088605778,0.108736397
0.087832061,0.36682469,-0.02703765,0.128547999
0.146722178,0.173547262,0.184330102,0.231705123
-0.041166126,0.482826847,0.191674056,0.057975302
-0.036738147,0.003213617,0.266624833,-0.198148888
-0.015802046,-0.272451538,-0.094691318,0.002266446
0.094672278,-0.010826197,0.28509886,0.103274406
0.219975107,0.020679548,0.129786827,0.009254418
0.045595932,-0.115405003,0.162074429,-0.118216986
-0.035140894,-0.055063471,-0.169025564,-0.057966104
-0.063040681,0.14824653,-0.24502978,0.147999256
0.060712423,0.161863382,-0.017243583,0.077652759
-0.001416582,0.183026791,0.157007654,0.01893861
0.111509039,-0.100191082,0.508015521,-0.116597284
-0.131913107,-0.011791331,-0.045486646,-0.061293507
-0.058499139,0.270979258,-0.053018204,0.102639887
-0.201007237,0.178657971,-0.204351756,-0.18345989
-0.016428307,0.409797035,0.150715344,0.090244334
-0.003183042,-0.003366467,-0.028962653,-0.03026742
0.06374741,-0.404895173,-0.609268883,-0.031948968
-0.074940168,-0.041726668,0.789284136,-0.058478889
-0.019437889,0.043138722,-0.590979317,0.034974191
-0.000473896,-0.04116636,-0.01340578,0.077083315
-0.037479818,-0.288492997,-0.14082429,-0.007798708
0.021487561,0.10555946,0.401560985,-0.132159131
0.063459629,-0.392854833,-0.024609278,-0.042866907
0.061668117,-0.093412392,-0.369278402,0.042524898
-0.029658871,0.238508245,-0.124070655,-0.152402388
0.020461109,-0.037433427,-0.129195044,-0.115709826
-0.143809364,-0.287457646,-0.376418364,0.022256169
0.208075606,0.03583571,0.165412021,-0.042387988
0.046740847,0.224305471,0.132347465,0.109924942
-0.00687454,0.318628322,-0.079942561,-0.014974869
0.07007711,0.014923805,-0.560522188,0.022240831
0.119287858,-0.006899392,0.368658986,-0.065361058
0.17325701,-0.127532591,-0.045513501,0.056290189
-0.036669459,0.027289972,0.412315536,-0.069538201
0.09149018,0.206620387,0.157297267,0.073005824
0.117317578,0.142481053,-0.207669466,-0.12383971
0.099883426,0.022094383,0.089685273,0.144830405
-0.019271217,0.08507898,-0.04053352,-0.021667032
0.075855431,0.325433568,0.039863501,-0.250190713
-0.098803565,-0.013160383,-0.235187617,-0.034563047
0.039619882,-0.200863857,0.587524514,0.114759467
0.05399494,0.513158299,0.337469806,0.023118048
-0.094653403,-0.009771313,0.420250672,-0.21338625
-0.094895568,0.108154995,0.486866168,-0.010719012
0.077317416,-0.038644705,0.642348385,0.192993956
0.072489037,0.145043168,0.355771509,0.046477103
-0.126505297,-0.052060098,0.042579714,-0.057276196
0.13261794,-0.053122323,-0.031181571,0.061222694
-0.211284042,-0.075657013,-0.168036911,-0.033437171
0.154531625,-0.124217186,-0.183402202,0.018441476
0.006597409,-0.087102893,-0.029962951,-0.031886573
0.089772858,0.025617547,-0.242047546,0.020416575
-0.11349917,0.007872373,0.108236939,-0.123845072
-0.072077109,-0.002227325,-0.532901881,0.177442427
-0.034526977,0.046526232,-0.235759842,0.068131196
0.146442275,0.104727936,-0.171311583,0.174052688
-0.053459556,-0.031008547,-0.307797756,-0.03950704
-0.097820805,-0.055297335,-0.628181774,0.002491055
0.066481751,-0.234332698,-0.349535234,-0.102745765
0.03025403,0.251708497,0.319838631,-0.13156516
0.189113262,-0.130491743,0.259704798,0.142742125
-0.063632231,-0.633776564,-0.549969701,-0.155277257
-0.175231583,0.075039746,-0.464549811,-0.093085611
0.130646932,0.072001891,-0.573015966,0.044906088
-0.012337906,-0.220747813,-0.226463653,0.061544707
-0.061231193,-0.158632208,0.110301934,0.038069398
-0.14687857,-0.03337307,0.061349277,-0.020399406
0.095338785,0.361135711,0.251266197,0.11603982
0.247953505,0.15806146,0.430458644,0.070265572
0.166423134,-0.079393024,-0.03633695,0.112850781
-0.032015,-0.182241943,-0.031369225,-0.12682158
-0.206908742,-0.200916659,0.648661934,0.139415286
0.140007239,0.410068062,0.06772508,0.107802552
0.086173149,0.408875763,0.013537982,-0.110580928
0.096679443,-0.27217651,-0.149090479,0.083034403
-0.139007799,-0.131100736,-0.256605159,0.057910247
-0.083304937,0.259091318,-0.356004073,-0.091269849
-0.15154865,-0.167079319,0.440256949,-0.023955848
0.050365352,-0.031262718,-0.684457447,0.043944881
0.112486996,-0.034463556,-0.077256128,0.057153351
0.010066868,-0.330752665,0.524121107,0.297113318
0.010331416,0.202227228,0.527432838,0.05897449
-0.144644768,-0.119146656,-0.286544055,-0.043538917
0.147280718,-0.178915972,0.465490188,0.067397227
0.155353666,-0.015319597,0.420268847,-0.148402074
0.009144182,-0.152403891,0.124495118,0.085481652
0.081627023,-0.124136362,0.306943448,-0.08591556
0.029952435,0.275915673,0.425494834,-0.115643839
-0.041008802,0.55561434,-0.407765076,0.079495636
0.01042656,-0.449211277,0.014601255,0.161845935
0.006219441,0.066594065,0.447190583,0.195010808
0.03226793,0.010181101,0.488414903,0.013296908
0.049370817,-0.207754539,0.081545775,0.145306728
0.208246528,-0.175781212,-0.145214007,0.025668392
0.078789255,-0.130503388,0.119717091,-0.088109927
-0.111964539,-0.069629641,-0.488491556,0.106345448
0.066838187,0.450411565,-0.065636672,-0.002862489
0.089669173,0.042175159,0.168275823,0.105677218
-0.135844159,0.406878745,-0.113842678,-0.089104078
0.211186646,-0.064522563,0.696318718,-0.024581282
-0.029453497,0.021220753,0.34213037,-0.049399731
-0.036150192,-0.021638691,-0.155221297,0.085387352
-0.036853353,0.097463216,0.080186429,0.025366177
-0.099772109,0.09465076,-0.610408956,0.04971198
-0.088985009,-0.097178045,-0.138968797,-0.157851442
0.021868138,0.342896321,0.32750564,-0.007422038
0.107326593,-0.039544537,-0.017951625,0.072896795
0.035143114,0.331050825,-0.099514071,-0.1222223
-0.038201516,0.298839055,0.140021378,-0.127853476
0.153753352,-0.187814067,-0.255363834,0.221244663
0.052018825,-0.241880749,0.074735705,-0.082155444
0.068820636,-0.098785319,-0.245434608,-0.025025753
0.151417106,-0.293000546,0.391761129,0.030621184
0.173726922,0.506222277,-0.31976673,0.041044378
-0.070995069,0.076217493,-0.352239615,-0.195000739
0.0253682,0.255885285,-0.762663232,-0.039560996
0.029408832,0.187352808,0.0812905,0.010876777
-0.096144626,-0.256520154,-0.198349757,0.069661427
-0.060539801,0.005773471,0.00663168,0.059954253
-0.060485072,0.232877761,-0.301508146,-0.026402057
